column,min,max,mean,std
Idc_1(A),19.501,20.5,20.000478291316522,0.24220551877716923
Idc_2(A),19.552,20.548,20.04932913165266,0.24143466307018438
Idc_3(A),19.452,20.448,19.950305182072828,0.24325913521359044
